"Region","Country","Year","Indicator","Value","Indicator_category"
"Arctic","Alaska",2020,"Marine_Red_List",0.0287577520124614,"Nature"
"Arctic","Alaska",2020,"Marine_Living_Planet",0.000911129987798631,"Nature"
"Arctic","Alaska",2020,"Fisheries_Stock_Condition",0.191366669069976,"Nature"
"Arctic","Alaska",2020,"Habitat_Condition",0.359929988160729,"Nature"
"Arctic","Alaska",2020,"Effective_Protection",0.0889539316063747,"Nature"
"Arctic","Alaska",2020,"Small_Scale_Fisheries_Rights",0.0141706093633547,"People"
"Arctic","Alaska",2020,"Wealth_Relative_Index",0.385209693014622,"People"
"Arctic","Alaska",2020,"Human_Development_Index",0.191118388436735,"People"
"Arctic","Alaska",2020,"Climate_Adaptation_Plans",0.0571200089529157,"Climate"
"Arctic","Alaska",2020,"Habitat_Carbon_Storage",0.0555224253796041,"Climate"
"Arctic","Alaska",2020,"Carbon_Under_Effective_Protection",0.0183324666693807,"Climate"
"Arctic","Alaska",2021,"Marine_Red_List",0.157661027088761,"Nature"
"Arctic","Alaska",2021,"Marine_Living_Planet",0.0633726585656404,"Nature"
"Arctic","Alaska",2021,"Fisheries_Stock_Condition",0.136000246857293,"Nature"
"Arctic","Alaska",2021,"Habitat_Condition",0.147652640612796,"Nature"
"Arctic","Alaska",2021,"Effective_Protection",0.41568204369396,"Nature"
"Arctic","Alaska",2021,"Small_Scale_Fisheries_Rights",0.0652879229653627,"People"
"Arctic","Alaska",2021,"Wealth_Relative_Index",0.541379427071661,"People"
"Arctic","Alaska",2021,"Human_Development_Index",0.45507572251372,"People"
"Arctic","Alaska",2021,"Climate_Adaptation_Plans",0.248727801488712,"Climate"
"Arctic","Alaska",2021,"Habitat_Carbon_Storage",0.139820459671319,"Climate"
"Arctic","Alaska",2021,"Carbon_Under_Effective_Protection",0.265320044523105,"Climate"
"Arctic","Alaska",2022,"Marine_Red_List",0.20448846090585,"Nature"
"Arctic","Alaska",2022,"Marine_Living_Planet",0.0892419044394046,"Nature"
"Arctic","Alaska",2022,"Fisheries_Stock_Condition",0.169392658863217,"Nature"
"Arctic","Alaska",2022,"Habitat_Condition",0.0210297667654231,"Nature"
"Arctic","Alaska",2022,"Effective_Protection",0.640506813768297,"Nature"
"Arctic","Alaska",2022,"Small_Scale_Fisheries_Rights",0.059414202044718,"People"
"Arctic","Alaska",2022,"Wealth_Relative_Index",0.345352639211342,"People"
"Arctic","Alaska",2022,"Human_Development_Index",0.108203967916779,"People"
"Arctic","Alaska",2022,"Climate_Adaptation_Plans",0.206862163147889,"Climate"
"Arctic","Alaska",2022,"Habitat_Carbon_Storage",0.232981225126423,"Climate"
"Arctic","Alaska",2022,"Carbon_Under_Effective_Protection",0.399462422821671,"Climate"
"Arctic","Alaska",2023,"Marine_Red_List",0.706413923203945,"Nature"
"Arctic","Alaska",2023,"Marine_Living_Planet",0.0882296023145318,"Nature"
"Arctic","Alaska",2023,"Fisheries_Stock_Condition",0.0572633401956409,"Nature"
"Arctic","Alaska",2023,"Habitat_Condition",0.0655841438565403,"Nature"
"Arctic","Alaska",2023,"Effective_Protection",0.994269776623696,"Nature"
"Arctic","Alaska",2023,"Small_Scale_Fisheries_Rights",0.0462655579671264,"People"
"Arctic","Alaska",2023,"Wealth_Relative_Index",0.159093483537436,"People"
"Arctic","Alaska",2023,"Human_Development_Index",0.0636362015269697,"People"
"Arctic","Alaska",2023,"Climate_Adaptation_Plans",0.0737690901849419,"Climate"
"Arctic","Alaska",2023,"Habitat_Carbon_Storage",0.0531945280730724,"Climate"
"Arctic","Alaska",2023,"Carbon_Under_Effective_Protection",0.024379851995036,"Climate"
"Arctic","Alaska",2024,"Marine_Red_List",0.0940467284293845,"Nature"
"Arctic","Alaska",2024,"Marine_Living_Planet",0.00913229470606893,"Nature"
"Arctic","Alaska",2024,"Fisheries_Stock_Condition",0.0205849365331233,"Nature"
"Arctic","Alaska",2024,"Habitat_Condition",0.381801459658891,"Nature"
"Arctic","Alaska",2024,"Effective_Protection",0.0655705799115822,"Nature"
"Arctic","Alaska",2024,"Small_Scale_Fisheries_Rights",0.00294227294623852,"People"
"Arctic","Alaska",2024,"Wealth_Relative_Index",0.00984547380357981,"People"
"Arctic","Alaska",2024,"Human_Development_Index",0.0926503141410649,"People"
"Arctic","Alaska",2024,"Climate_Adaptation_Plans",0.0609778990969062,"Climate"
"Arctic","Alaska",2024,"Habitat_Carbon_Storage",0.343131086137146,"Climate"
"Arctic","Alaska",2024,"Carbon_Under_Effective_Protection",0.22437919350341,"Climate"
"Eastern Pacific","Mexico",2020,"Marine_Red_List",0.020653138961643,"Nature"
"Eastern Pacific","Mexico",2020,"Marine_Living_Planet",0.0133023038925603,"Nature"
"Eastern Pacific","Mexico",2020,"Fisheries_Stock_Condition",0.0897032682783902,"Nature"
"Eastern Pacific","Mexico",2020,"Habitat_Condition",0.301790063455701,"Nature"
"Eastern Pacific","Mexico",2020,"Effective_Protection",0.0220118885161355,"Nature"
"Eastern Pacific","Mexico",2020,"Small_Scale_Fisheries_Rights",0.00487238945439458,"People"
"Eastern Pacific","Mexico",2020,"Wealth_Relative_Index",0.173957096599042,"People"
"Eastern Pacific","Mexico",2020,"Human_Development_Index",0.0522782766260207,"People"
"Eastern Pacific","Mexico",2020,"Climate_Adaptation_Plans",0.0750764477066696,"Climate"
"Eastern Pacific","Mexico",2020,"Habitat_Carbon_Storage",0.239995583705604,"Climate"
"Eastern Pacific","Mexico",2020,"Carbon_Under_Effective_Protection",0.35614008884877,"Climate"
"Eastern Pacific","Mexico",2021,"Marine_Red_List",0.0255063300486654,"Nature"
"Eastern Pacific","Mexico",2021,"Marine_Living_Planet",0.011380879310891,"Nature"
"Eastern Pacific","Mexico",2021,"Fisheries_Stock_Condition",0.24301930591464,"Nature"
"Eastern Pacific","Mexico",2021,"Habitat_Condition",0.377532678935677,"Nature"
"Eastern Pacific","Mexico",2021,"Effective_Protection",0.227889922633767,"Nature"
"Eastern Pacific","Mexico",2021,"Small_Scale_Fisheries_Rights",0.0801666704937816,"People"
"Eastern Pacific","Mexico",2021,"Wealth_Relative_Index",0.59097418799065,"People"
"Eastern Pacific","Mexico",2021,"Human_Development_Index",0.391861155023798,"People"
"Eastern Pacific","Mexico",2021,"Climate_Adaptation_Plans",0.469376580789685,"Climate"
"Eastern Pacific","Mexico",2021,"Habitat_Carbon_Storage",0.199694124190137,"Climate"
"Eastern Pacific","Mexico",2021,"Carbon_Under_Effective_Protection",0.54866291214712,"Climate"
"Eastern Pacific","Mexico",2022,"Marine_Red_List",0.376653932151385,"Nature"
"Eastern Pacific","Mexico",2022,"Marine_Living_Planet",0.0383969637798145,"Nature"
"Eastern Pacific","Mexico",2022,"Fisheries_Stock_Condition",0.203097377379891,"Nature"
"Eastern Pacific","Mexico",2022,"Habitat_Condition",0.355091200675815,"Nature"
"Eastern Pacific","Mexico",2022,"Effective_Protection",0.612771003274247,"Nature"
"Eastern Pacific","Mexico",2022,"Small_Scale_Fisheries_Rights",0.0417646779678762,"People"
"Eastern Pacific","Mexico",2022,"Wealth_Relative_Index",0.446525557199493,"People"
"Eastern Pacific","Mexico",2022,"Human_Development_Index",0.1717582361307,"People"
"Eastern Pacific","Mexico",2022,"Climate_Adaptation_Plans",0.04679749335628,"Climate"
"Eastern Pacific","Mexico",2022,"Habitat_Carbon_Storage",0.244306516833603,"Climate"
"Eastern Pacific","Mexico",2022,"Carbon_Under_Effective_Protection",0.304367491160519,"Climate"
"Eastern Pacific","Mexico",2023,"Marine_Red_List",0.71603628732264,"Nature"
"Eastern Pacific","Mexico",2023,"Marine_Living_Planet",0.0439013831317425,"Nature"
"Eastern Pacific","Mexico",2023,"Fisheries_Stock_Condition",0.0794342321110889,"Nature"
"Eastern Pacific","Mexico",2023,"Habitat_Condition",0.000124954665079713,"Nature"
"Eastern Pacific","Mexico",2023,"Effective_Protection",0.351797909243032,"Nature"
"Eastern Pacific","Mexico",2023,"Small_Scale_Fisheries_Rights",0.126111333444715,"People"
"Eastern Pacific","Mexico",2023,"Wealth_Relative_Index",0.177293812157586,"People"
"Eastern Pacific","Mexico",2023,"Human_Development_Index",0.131351625593379,"People"
"Eastern Pacific","Mexico",2023,"Climate_Adaptation_Plans",0.093355808313936,"Climate"
"Eastern Pacific","Mexico",2023,"Habitat_Carbon_Storage",0.190894765499979,"Climate"
"Eastern Pacific","Mexico",2023,"Carbon_Under_Effective_Protection",0.0821379553060979,"Climate"
"Eastern Pacific","Mexico",2024,"Marine_Red_List",0.0374462775886059,"Nature"
"Eastern Pacific","Mexico",2024,"Marine_Living_Planet",0.0162928007775918,"Nature"
"Eastern Pacific","Mexico",2024,"Fisheries_Stock_Condition",0.0879663375206292,"Nature"
"Eastern Pacific","Mexico",2024,"Habitat_Condition",0.190126629639417,"Nature"
"Eastern Pacific","Mexico",2024,"Effective_Protection",0.0111135424347594,"Nature"
"Eastern Pacific","Mexico",2024,"Small_Scale_Fisheries_Rights",0.00205729288514704,"People"
"Eastern Pacific","Mexico",2024,"Wealth_Relative_Index",0.0700210601091385,"People"
"Eastern Pacific","Mexico",2024,"Human_Development_Index",0.128149296995252,"People"
"Eastern Pacific","Mexico",2024,"Climate_Adaptation_Plans",0.204602183960378,"Climate"
"Eastern Pacific","Mexico",2024,"Habitat_Carbon_Storage",0.19316095886752,"Climate"
"Eastern Pacific","Mexico",2024,"Carbon_Under_Effective_Protection",0.0588378763757646,"Climate"
"Eastern Pacific","Colombia",2020,"Marine_Red_List",0.0935299803270027,"Nature"
"Eastern Pacific","Colombia",2020,"Marine_Living_Planet",0.00284588591195643,"Nature"
"Eastern Pacific","Colombia",2020,"Fisheries_Stock_Condition",0.129578695865348,"Nature"
"Eastern Pacific","Colombia",2020,"Habitat_Condition",0.39368768138811,"Nature"
"Eastern Pacific","Colombia",2020,"Effective_Protection",0.0619256483390927,"Nature"
"Eastern Pacific","Colombia",2020,"Small_Scale_Fisheries_Rights",0.0131967689935118,"People"
"Eastern Pacific","Colombia",2020,"Wealth_Relative_Index",0.124680880829692,"People"
"Eastern Pacific","Colombia",2020,"Human_Development_Index",0.0924647128209472,"People"
"Eastern Pacific","Colombia",2020,"Climate_Adaptation_Plans",0.338981266040355,"Climate"
"Eastern Pacific","Colombia",2020,"Habitat_Carbon_Storage",0.155997774098068,"Climate"
"Eastern Pacific","Colombia",2020,"Carbon_Under_Effective_Protection",0.2009198253043,"Climate"
"Eastern Pacific","Colombia",2021,"Marine_Red_List",0.0602457799948752,"Nature"
"Eastern Pacific","Colombia",2021,"Marine_Living_Planet",0.0659141587279737,"Nature"
"Eastern Pacific","Colombia",2021,"Fisheries_Stock_Condition",0.095946185127832,"Nature"
"Eastern Pacific","Colombia",2021,"Habitat_Condition",0.0925213804934174,"Nature"
"Eastern Pacific","Colombia",2021,"Effective_Protection",0.534836470289156,"Nature"
"Eastern Pacific","Colombia",2021,"Small_Scale_Fisheries_Rights",0.0986166552174836,"People"
"Eastern Pacific","Colombia",2021,"Wealth_Relative_Index",0.245684971567243,"People"
"Eastern Pacific","Colombia",2021,"Human_Development_Index",0.143459973391145,"People"
"Eastern Pacific","Colombia",2021,"Climate_Adaptation_Plans",0.298516360251233,"Climate"
"Eastern Pacific","Colombia",2021,"Habitat_Carbon_Storage",0.343161188391969,"Climate"
"Eastern Pacific","Colombia",2021,"Carbon_Under_Effective_Protection",0.212342743109912,"Climate"
"Eastern Pacific","Colombia",2022,"Marine_Red_List",0.0303602857748047,"Nature"
"Eastern Pacific","Colombia",2022,"Marine_Living_Planet",0.095409123855643,"Nature"
"Eastern Pacific","Colombia",2022,"Fisheries_Stock_Condition",0.0769300027168356,"Nature"
"Eastern Pacific","Colombia",2022,"Habitat_Condition",0.0455219999421388,"Nature"
"Eastern Pacific","Colombia",2022,"Effective_Protection",0.672999092610553,"Nature"
"Eastern Pacific","Colombia",2022,"Small_Scale_Fisheries_Rights",0.0786281551700085,"People"
"Eastern Pacific","Colombia",2022,"Wealth_Relative_Index",0.00523355591576546,"People"
"Eastern Pacific","Colombia",2022,"Human_Development_Index",0.0383455826668069,"People"
"Eastern Pacific","Colombia",2022,"Climate_Adaptation_Plans",0.193954514921643,"Climate"
"Eastern Pacific","Colombia",2022,"Habitat_Carbon_Storage",0.108446381404065,"Climate"
"Eastern Pacific","Colombia",2022,"Carbon_Under_Effective_Protection",0.32499257940799,"Climate"
"Eastern Pacific","Colombia",2023,"Marine_Red_List",0.758181552030146,"Nature"
"Eastern Pacific","Colombia",2023,"Marine_Living_Planet",0.093677336499095,"Nature"
"Eastern Pacific","Colombia",2023,"Fisheries_Stock_Condition",0.0219767631264403,"Nature"
"Eastern Pacific","Colombia",2023,"Habitat_Condition",0.0283813815563917,"Nature"
"Eastern Pacific","Colombia",2023,"Effective_Protection",0.737077737925574,"Nature"
"Eastern Pacific","Colombia",2023,"Small_Scale_Fisheries_Rights",0.156771506778896,"People"
"Eastern Pacific","Colombia",2023,"Wealth_Relative_Index",0.036769904801622,"People"
"Eastern Pacific","Colombia",2023,"Human_Development_Index",0.0491447356063873,"People"
"Eastern Pacific","Colombia",2023,"Climate_Adaptation_Plans",0.0492897988297045,"Climate"
"Eastern Pacific","Colombia",2023,"Habitat_Carbon_Storage",0.0889536004047841,"Climate"
"Eastern Pacific","Colombia",2023,"Carbon_Under_Effective_Protection",0.0749427913222462,"Climate"
"Eastern Pacific","Colombia",2024,"Marine_Red_List",0.0720596273429692,"Nature"
"Eastern Pacific","Colombia",2024,"Marine_Living_Planet",0.00809020563494414,"Nature"
"Eastern Pacific","Colombia",2024,"Fisheries_Stock_Condition",0.0738977731671184,"Nature"
"Eastern Pacific","Colombia",2024,"Habitat_Condition",0.276002840604633,"Nature"
"Eastern Pacific","Colombia",2024,"Effective_Protection",0.0521135725779459,"Nature"
"Eastern Pacific","Colombia",2024,"Small_Scale_Fisheries_Rights",0.00878863072488457,"People"
"Eastern Pacific","Colombia",2024,"Wealth_Relative_Index",0.337091727554798,"People"
"Eastern Pacific","Colombia",2024,"Human_Development_Index",0.292854082211852,"People"
"Eastern Pacific","Colombia",2024,"Climate_Adaptation_Plans",0.0444385845214129,"Climate"
"Eastern Pacific","Colombia",2024,"Habitat_Carbon_Storage",0.0871962674893439,"Climate"
"Eastern Pacific","Colombia",2024,"Carbon_Under_Effective_Protection",0.142178152315319,"Climate"
"Eastern Pacific","Ecuador",2020,"Marine_Red_List",0.0533687945455313,"Nature"
"Eastern Pacific","Ecuador",2020,"Marine_Living_Planet",0.0125994610693306,"Nature"
"Eastern Pacific","Ecuador",2020,"Fisheries_Stock_Condition",0.123603574652225,"Nature"
"Eastern Pacific","Ecuador",2020,"Habitat_Condition",0.335907105915248,"Nature"
"Eastern Pacific","Ecuador",2020,"Effective_Protection",0.0481289800489321,"Nature"
"Eastern Pacific","Ecuador",2020,"Small_Scale_Fisheries_Rights",0.00548333243001253,"People"
"Eastern Pacific","Ecuador",2020,"Wealth_Relative_Index",0.186613080929965,"People"
"Eastern Pacific","Ecuador",2020,"Human_Development_Index",0.0954904107376933,"People"
"Eastern Pacific","Ecuador",2020,"Climate_Adaptation_Plans",0.352098616492003,"Climate"
"Eastern Pacific","Ecuador",2020,"Habitat_Carbon_Storage",0.192817042209208,"Climate"
"Eastern Pacific","Ecuador",2020,"Carbon_Under_Effective_Protection",0.280341234989464,"Climate"
"Eastern Pacific","Ecuador",2021,"Marine_Red_List",0.148066872078925,"Nature"
"Eastern Pacific","Ecuador",2021,"Marine_Living_Planet",0.0220594188943505,"Nature"
"Eastern Pacific","Ecuador",2021,"Fisheries_Stock_Condition",0.111671418067999,"Nature"
"Eastern Pacific","Ecuador",2021,"Habitat_Condition",0.187468898948282,"Nature"
"Eastern Pacific","Ecuador",2021,"Effective_Protection",0.159019638877362,"Nature"
"Eastern Pacific","Ecuador",2021,"Small_Scale_Fisheries_Rights",0.0385779307689518,"People"
"Eastern Pacific","Ecuador",2021,"Wealth_Relative_Index",0.2440995559562,"People"
"Eastern Pacific","Ecuador",2021,"Human_Development_Index",0.577415361860767,"People"
"Eastern Pacific","Ecuador",2021,"Climate_Adaptation_Plans",0.218455118872225,"Climate"
"Eastern Pacific","Ecuador",2021,"Habitat_Carbon_Storage",0.151778957108036,"Climate"
"Eastern Pacific","Ecuador",2021,"Carbon_Under_Effective_Protection",0.211133183073252,"Climate"
"Eastern Pacific","Ecuador",2022,"Marine_Red_List",0.110551468911581,"Nature"
"Eastern Pacific","Ecuador",2022,"Marine_Living_Planet",0.086364411143586,"Nature"
"Eastern Pacific","Ecuador",2022,"Fisheries_Stock_Condition",0.132458921463694,"Nature"
"Eastern Pacific","Ecuador",2022,"Habitat_Condition",0.354145161109045,"Nature"
"Eastern Pacific","Ecuador",2022,"Effective_Protection",0.564590434776619,"Nature"
"Eastern Pacific","Ecuador",2022,"Small_Scale_Fisheries_Rights",0.0985640884377062,"People"
"Eastern Pacific","Ecuador",2022,"Wealth_Relative_Index",0.329615162103437,"People"
"Eastern Pacific","Ecuador",2022,"Human_Development_Index",0.300682862987742,"People"
"Eastern Pacific","Ecuador",2022,"Climate_Adaptation_Plans",0.144119640346617,"Climate"
"Eastern Pacific","Ecuador",2022,"Habitat_Carbon_Storage",0.108127394807525,"Climate"
"Eastern Pacific","Ecuador",2022,"Carbon_Under_Effective_Protection",0.204471998964436,"Climate"
"Eastern Pacific","Ecuador",2023,"Marine_Red_List",0.33019689489156,"Nature"
"Eastern Pacific","Ecuador",2023,"Marine_Living_Planet",0.119450880661607,"Nature"
"Eastern Pacific","Ecuador",2023,"Fisheries_Stock_Condition",0.0874682342866436,"Nature"
"Eastern Pacific","Ecuador",2023,"Habitat_Condition",0.0530035612173378,"Nature"
"Eastern Pacific","Ecuador",2023,"Effective_Protection",0.913188223028556,"Nature"
"Eastern Pacific","Ecuador",2023,"Small_Scale_Fisheries_Rights",0.09919892963022,"People"
"Eastern Pacific","Ecuador",2023,"Wealth_Relative_Index",0.0304693233687431,"People"
"Eastern Pacific","Ecuador",2023,"Human_Development_Index",0.103005945449695,"People"
"Eastern Pacific","Ecuador",2023,"Climate_Adaptation_Plans",0.0341290470212698,"Climate"
"Eastern Pacific","Ecuador",2023,"Habitat_Carbon_Storage",0.134875277616084,"Climate"
"Eastern Pacific","Ecuador",2023,"Carbon_Under_Effective_Protection",0.16419026479125,"Climate"
"Eastern Pacific","Ecuador",2024,"Marine_Red_List",0.0265686686849222,"Nature"
"Eastern Pacific","Ecuador",2024,"Marine_Living_Planet",0.0133656929945573,"Nature"
"Eastern Pacific","Ecuador",2024,"Fisheries_Stock_Condition",0.116350019956008,"Nature"
"Eastern Pacific","Ecuador",2024,"Habitat_Condition",0.237737277615815,"Nature"
"Eastern Pacific","Ecuador",2024,"Effective_Protection",0.0901874389499426,"Nature"
"Eastern Pacific","Ecuador",2024,"Small_Scale_Fisheries_Rights",0.0187462817830965,"People"
"Eastern Pacific","Ecuador",2024,"Wealth_Relative_Index",0.22914682328701,"People"
"Eastern Pacific","Ecuador",2024,"Human_Development_Index",0.161029336880893,"People"
"Eastern Pacific","Ecuador",2024,"Climate_Adaptation_Plans",0.0688686985522509,"Climate"
"Eastern Pacific","Ecuador",2024,"Habitat_Carbon_Storage",0.0190654509700835,"Climate"
"Eastern Pacific","Ecuador",2024,"Carbon_Under_Effective_Protection",0.367542939260602,"Climate"
"Eastern Pacific","Peru",2020,"Marine_Red_List",0.0282528330106288,"Nature"
"Eastern Pacific","Peru",2020,"Marine_Living_Planet",0.00790440269280225,"Nature"
"Eastern Pacific","Peru",2020,"Fisheries_Stock_Condition",0.123670245474204,"Nature"
"Eastern Pacific","Peru",2020,"Habitat_Condition",0.158860781323165,"Nature"
"Eastern Pacific","Peru",2020,"Effective_Protection",0.0546826156554744,"Nature"
"Eastern Pacific","Peru",2020,"Small_Scale_Fisheries_Rights",0.0144910869281739,"People"
"Eastern Pacific","Peru",2020,"Wealth_Relative_Index",0.102886698581278,"People"
"Eastern Pacific","Peru",2020,"Human_Development_Index",0.314116668514907,"People"
"Eastern Pacific","Peru",2020,"Climate_Adaptation_Plans",0.37028318233788,"Climate"
"Eastern Pacific","Peru",2020,"Habitat_Carbon_Storage",0.230607608519495,"Climate"
"Eastern Pacific","Peru",2020,"Carbon_Under_Effective_Protection",0.348417365457863,"Climate"
"Eastern Pacific","Peru",2021,"Marine_Red_List",0.192220958741382,"Nature"
"Eastern Pacific","Peru",2021,"Marine_Living_Planet",0.0573414455819875,"Nature"
"Eastern Pacific","Peru",2021,"Fisheries_Stock_Condition",0.128526452626102,"Nature"
"Eastern Pacific","Peru",2021,"Habitat_Condition",0.118646842008457,"Nature"
"Eastern Pacific","Peru",2021,"Effective_Protection",0.397390585206449,"Nature"
"Eastern Pacific","Peru",2021,"Small_Scale_Fisheries_Rights",0.0478727789595723,"People"
"Eastern Pacific","Peru",2021,"Wealth_Relative_Index",0.133072760794312,"People"
"Eastern Pacific","Peru",2021,"Human_Development_Index",0.100836486322805,"People"
"Eastern Pacific","Peru",2021,"Climate_Adaptation_Plans",0.529186535580084,"Climate"
"Eastern Pacific","Peru",2021,"Habitat_Carbon_Storage",0.201798723544925,"Climate"
"Eastern Pacific","Peru",2021,"Carbon_Under_Effective_Protection",0.00378047036938369,"Climate"
"Eastern Pacific","Peru",2022,"Marine_Red_List",0.364197214134037,"Nature"
"Eastern Pacific","Peru",2022,"Marine_Living_Planet",0.056025326368399,"Nature"
"Eastern Pacific","Peru",2022,"Fisheries_Stock_Condition",0.13552009180421,"Nature"
"Eastern Pacific","Peru",2022,"Habitat_Condition",0.415963781415485,"Nature"
"Eastern Pacific","Peru",2022,"Effective_Protection",0.171698493883014,"Nature"
"Eastern Pacific","Peru",2022,"Small_Scale_Fisheries_Rights",0.0969356411136687,"People"
"Eastern Pacific","Peru",2022,"Wealth_Relative_Index",0.296522825839929,"People"
"Eastern Pacific","Peru",2022,"Human_Development_Index",0.202199590508826,"People"
"Eastern Pacific","Peru",2022,"Climate_Adaptation_Plans",0.337093421258032,"Climate"
"Eastern Pacific","Peru",2022,"Habitat_Carbon_Storage",0.17366231570486,"Climate"
"Eastern Pacific","Peru",2022,"Carbon_Under_Effective_Protection",0.0360285619972274,"Climate"
"Eastern Pacific","Peru",2023,"Marine_Red_List",0.549100065603852,"Nature"
"Eastern Pacific","Peru",2023,"Marine_Living_Planet",0.111721855178475,"Nature"
"Eastern Pacific","Peru",2023,"Fisheries_Stock_Condition",0.0058478488586843,"Nature"
"Eastern Pacific","Peru",2023,"Habitat_Condition",0.0305774445645511,"Nature"
"Eastern Pacific","Peru",2023,"Effective_Protection",0.633055359823629,"Nature"
"Eastern Pacific","Peru",2023,"Small_Scale_Fisheries_Rights",0.154783739298582,"People"
"Eastern Pacific","Peru",2023,"Wealth_Relative_Index",0.0535042864270508,"People"
"Eastern Pacific","Peru",2023,"Human_Development_Index",0.0943152555264533,"People"
"Eastern Pacific","Peru",2023,"Climate_Adaptation_Plans",0.190033395867795,"Climate"
"Eastern Pacific","Peru",2023,"Habitat_Carbon_Storage",0.00400486011058092,"Climate"
"Eastern Pacific","Peru",2023,"Carbon_Under_Effective_Protection",0.0328422449994832,"Climate"
"Eastern Pacific","Peru",2024,"Marine_Red_List",0.00528439427725971,"Nature"
"Eastern Pacific","Peru",2024,"Marine_Living_Planet",0.0183136707684025,"Nature"
"Eastern Pacific","Peru",2024,"Fisheries_Stock_Condition",0.0521713714115322,"Nature"
"Eastern Pacific","Peru",2024,"Habitat_Condition",0.321367416810244,"Nature"
"Eastern Pacific","Peru",2024,"Effective_Protection",0.0311869746772572,"Nature"
"Eastern Pacific","Peru",2024,"Small_Scale_Fisheries_Rights",0.0145340507803485,"People"
"Eastern Pacific","Peru",2024,"Wealth_Relative_Index",0.212428159546107,"People"
"Eastern Pacific","Peru",2024,"Human_Development_Index",0.347242722753435,"People"
"Eastern Pacific","Peru",2024,"Climate_Adaptation_Plans",0.206577957700938,"Climate"
"Eastern Pacific","Peru",2024,"Habitat_Carbon_Storage",0.201125218253583,"Climate"
"Eastern Pacific","Peru",2024,"Carbon_Under_Effective_Protection",0.308133629709482,"Climate"
"Eastern Pacific","Chile",2020,"Marine_Red_List",0.0735184305813164,"Nature"
"Eastern Pacific","Chile",2020,"Marine_Living_Planet",0.0151718633901328,"Nature"
"Eastern Pacific","Chile",2020,"Fisheries_Stock_Condition",0.0791785376612097,"Nature"
"Eastern Pacific","Chile",2020,"Habitat_Condition",0.119096713047475,"Nature"
"Eastern Pacific","Chile",2020,"Effective_Protection",0.0816605887608603,"Nature"
"Eastern Pacific","Chile",2020,"Small_Scale_Fisheries_Rights",0.0156915053306147,"People"
"Eastern Pacific","Chile",2020,"Wealth_Relative_Index",0.192364331986755,"People"
"Eastern Pacific","Chile",2020,"Human_Development_Index",0.15583484461531,"People"
"Eastern Pacific","Chile",2020,"Climate_Adaptation_Plans",0.321124909166247,"Climate"
"Eastern Pacific","Chile",2020,"Habitat_Carbon_Storage",0.341505349520594,"Climate"
"Eastern Pacific","Chile",2020,"Carbon_Under_Effective_Protection",0.013491109199822,"Climate"
"Eastern Pacific","Chile",2021,"Marine_Red_List",0.194375127134845,"Nature"
"Eastern Pacific","Chile",2021,"Marine_Living_Planet",0.0164527297206223,"Nature"
"Eastern Pacific","Chile",2021,"Fisheries_Stock_Condition",0.0194784899940714,"Nature"
"Eastern Pacific","Chile",2021,"Habitat_Condition",0.0604329493828118,"Nature"
"Eastern Pacific","Chile",2021,"Effective_Protection",0.589284224202856,"Nature"
"Eastern Pacific","Chile",2021,"Small_Scale_Fisheries_Rights",0.00113158861175179,"People"
"Eastern Pacific","Chile",2021,"Wealth_Relative_Index",0.093982110824436,"People"
"Eastern Pacific","Chile",2021,"Human_Development_Index",0.278799565136433,"People"
"Eastern Pacific","Chile",2021,"Climate_Adaptation_Plans",0.501425302214921,"Climate"
"Eastern Pacific","Chile",2021,"Habitat_Carbon_Storage",0.17753727324307,"Climate"
"Eastern Pacific","Chile",2021,"Carbon_Under_Effective_Protection",0.599642716767266,"Climate"
"Eastern Pacific","Chile",2022,"Marine_Red_List",0.233236188418232,"Nature"
"Eastern Pacific","Chile",2022,"Marine_Living_Planet",0.0396584594622254,"Nature"
"Eastern Pacific","Chile",2022,"Fisheries_Stock_Condition",0.0564716082299128,"Nature"
"Eastern Pacific","Chile",2022,"Habitat_Condition",0.0359520486090332,"Nature"
"Eastern Pacific","Chile",2022,"Effective_Protection",0.103599644964561,"Nature"
"Eastern Pacific","Chile",2022,"Small_Scale_Fisheries_Rights",0.0779065882787108,"People"
"Eastern Pacific","Chile",2022,"Wealth_Relative_Index",0.00410775991622359,"People"
"Eastern Pacific","Chile",2022,"Human_Development_Index",0.356639500358142,"People"
"Eastern Pacific","Chile",2022,"Climate_Adaptation_Plans",0.11887470248621,"Climate"
"Eastern Pacific","Chile",2022,"Habitat_Carbon_Storage",0.0735241622896865,"Climate"
"Eastern Pacific","Chile",2022,"Carbon_Under_Effective_Protection",0.0174374020425603,"Climate"
"Eastern Pacific","Chile",2023,"Marine_Red_List",0.0595076106488705,"Nature"
"Eastern Pacific","Chile",2023,"Marine_Living_Planet",0.0359976526722312,"Nature"
"Eastern Pacific","Chile",2023,"Fisheries_Stock_Condition",0.005462910910137,"Nature"
"Eastern Pacific","Chile",2023,"Habitat_Condition",0.17608811375685,"Nature"
"Eastern Pacific","Chile",2023,"Effective_Protection",0.0990418293513358,"Nature"
"Eastern Pacific","Chile",2023,"Small_Scale_Fisheries_Rights",0.116702504307032,"People"
"Eastern Pacific","Chile",2023,"Wealth_Relative_Index",0.0904916788451374,"People"
"Eastern Pacific","Chile",2023,"Human_Development_Index",0.0110603852663189,"People"
"Eastern Pacific","Chile",2023,"Climate_Adaptation_Plans",0.0707972205244005,"Climate"
"Eastern Pacific","Chile",2023,"Habitat_Carbon_Storage",0.140798412263393,"Climate"
"Eastern Pacific","Chile",2023,"Carbon_Under_Effective_Protection",0.0676782567519695,"Climate"
"Eastern Pacific","Chile",2024,"Marine_Red_List",0.0648818124318495,"Nature"
"Eastern Pacific","Chile",2024,"Marine_Living_Planet",0.00115917121060193,"Nature"
"Eastern Pacific","Chile",2024,"Fisheries_Stock_Condition",0.134056407911703,"Nature"
"Eastern Pacific","Chile",2024,"Habitat_Condition",0.301698960829526,"Nature"
"Eastern Pacific","Chile",2024,"Effective_Protection",0.0798831611173227,"Nature"
"Eastern Pacific","Chile",2024,"Small_Scale_Fisheries_Rights",0.0126026370562613,"People"
"Eastern Pacific","Chile",2024,"Wealth_Relative_Index",0.196917331498116,"People"
"Eastern Pacific","Chile",2024,"Human_Development_Index",0.141913239005953,"People"
"Eastern Pacific","Chile",2024,"Climate_Adaptation_Plans",0.342754168063402,"Climate"
"Eastern Pacific","Chile",2024,"Habitat_Carbon_Storage",0.0415226752869785,"Climate"
"Eastern Pacific","Chile",2024,"Carbon_Under_Effective_Protection",0.366025504656136,"Climate"
"Southwest Indian Ocean","Madagascar",2020,"Marine_Red_List",0.0617235269630328,"Nature"
"Southwest Indian Ocean","Madagascar",2020,"Marine_Living_Planet",0.00985133095644414,"Nature"
"Southwest Indian Ocean","Madagascar",2020,"Fisheries_Stock_Condition",0.0829470668919385,"Nature"
"Southwest Indian Ocean","Madagascar",2020,"Habitat_Condition",0.148085919395089,"Nature"
"Southwest Indian Ocean","Madagascar",2020,"Effective_Protection",0.0136540197068825,"Nature"
"Southwest Indian Ocean","Madagascar",2020,"Small_Scale_Fisheries_Rights",0.019719083304517,"People"
"Southwest Indian Ocean","Madagascar",2020,"Wealth_Relative_Index",0.0575268174521625,"People"
"Southwest Indian Ocean","Madagascar",2020,"Human_Development_Index",0.313578591495752,"People"
"Southwest Indian Ocean","Madagascar",2020,"Climate_Adaptation_Plans",0.168737980071455,"Climate"
"Southwest Indian Ocean","Madagascar",2020,"Habitat_Carbon_Storage",0.385537332762033,"Climate"
"Southwest Indian Ocean","Madagascar",2020,"Carbon_Under_Effective_Protection",0.233960037399083,"Climate"
"Southwest Indian Ocean","Madagascar",2021,"Marine_Red_List",0.0572570697404444,"Nature"
"Southwest Indian Ocean","Madagascar",2021,"Marine_Living_Planet",0.0836848519463092,"Nature"
"Southwest Indian Ocean","Madagascar",2021,"Fisheries_Stock_Condition",0.0358214339939877,"Nature"
"Southwest Indian Ocean","Madagascar",2021,"Habitat_Condition",0.590010108472779,"Nature"
"Southwest Indian Ocean","Madagascar",2021,"Effective_Protection",0.580481696594506,"Nature"
"Southwest Indian Ocean","Madagascar",2021,"Small_Scale_Fisheries_Rights",0.0802525820955634,"People"
"Southwest Indian Ocean","Madagascar",2021,"Wealth_Relative_Index",0.115689568128437,"People"
"Southwest Indian Ocean","Madagascar",2021,"Human_Development_Index",0.116027207951993,"People"
"Southwest Indian Ocean","Madagascar",2021,"Climate_Adaptation_Plans",0.205685281008482,"Climate"
"Southwest Indian Ocean","Madagascar",2021,"Habitat_Carbon_Storage",0.464754925249144,"Climate"
"Southwest Indian Ocean","Madagascar",2021,"Carbon_Under_Effective_Protection",0.456494175223634,"Climate"
"Southwest Indian Ocean","Madagascar",2022,"Marine_Red_List",0.368898701504804,"Nature"
"Southwest Indian Ocean","Madagascar",2022,"Marine_Living_Planet",0.0641462353989482,"Nature"
"Southwest Indian Ocean","Madagascar",2022,"Fisheries_Stock_Condition",0.131507415033411,"Nature"
"Southwest Indian Ocean","Madagascar",2022,"Habitat_Condition",0.194159557577223,"Nature"
"Southwest Indian Ocean","Madagascar",2022,"Effective_Protection",0.515071807894856,"Nature"
"Southwest Indian Ocean","Madagascar",2022,"Small_Scale_Fisheries_Rights",0.0418915896909311,"People"
"Southwest Indian Ocean","Madagascar",2022,"Wealth_Relative_Index",0.448369341320358,"People"
"Southwest Indian Ocean","Madagascar",2022,"Human_Development_Index",0.00888290593866259,"People"
"Southwest Indian Ocean","Madagascar",2022,"Climate_Adaptation_Plans",0.433241657330655,"Climate"
"Southwest Indian Ocean","Madagascar",2022,"Habitat_Carbon_Storage",0.104438174283132,"Climate"
"Southwest Indian Ocean","Madagascar",2022,"Carbon_Under_Effective_Protection",0.186354697216302,"Climate"
"Southwest Indian Ocean","Madagascar",2023,"Marine_Red_List",0.667243447341025,"Nature"
"Southwest Indian Ocean","Madagascar",2023,"Marine_Living_Planet",0.103027666397393,"Nature"
"Southwest Indian Ocean","Madagascar",2023,"Fisheries_Stock_Condition",0.0225073350826278,"Nature"
"Southwest Indian Ocean","Madagascar",2023,"Habitat_Condition",0.0458489680662751,"Nature"
"Southwest Indian Ocean","Madagascar",2023,"Effective_Protection",0.163070329232141,"Nature"
"Southwest Indian Ocean","Madagascar",2023,"Small_Scale_Fisheries_Rights",0.0517351989075542,"People"
"Southwest Indian Ocean","Madagascar",2023,"Wealth_Relative_Index",0.0616239108610898,"People"
"Southwest Indian Ocean","Madagascar",2023,"Human_Development_Index",0.0813215732574463,"People"
"Southwest Indian Ocean","Madagascar",2023,"Climate_Adaptation_Plans",0.0910216101910919,"Climate"
"Southwest Indian Ocean","Madagascar",2023,"Habitat_Carbon_Storage",0.0617573665454984,"Climate"
"Southwest Indian Ocean","Madagascar",2023,"Carbon_Under_Effective_Protection",0.153838782245293,"Climate"
"Southwest Indian Ocean","Madagascar",2024,"Marine_Red_List",0.0314270780421793,"Nature"
"Southwest Indian Ocean","Madagascar",2024,"Marine_Living_Planet",0.0195570680964738,"Nature"
"Southwest Indian Ocean","Madagascar",2024,"Fisheries_Stock_Condition",0.0972823528107256,"Nature"
"Southwest Indian Ocean","Madagascar",2024,"Habitat_Condition",0.24931901851669,"Nature"
"Southwest Indian Ocean","Madagascar",2024,"Effective_Protection",0.0621902295155451,"Nature"
"Southwest Indian Ocean","Madagascar",2024,"Small_Scale_Fisheries_Rights",0.016705106399022,"People"
"Southwest Indian Ocean","Madagascar",2024,"Wealth_Relative_Index",0.145320217404515,"People"
"Southwest Indian Ocean","Madagascar",2024,"Human_Development_Index",0.193267067708075,"People"
"Southwest Indian Ocean","Madagascar",2024,"Climate_Adaptation_Plans",0.213505949452519,"Climate"
"Southwest Indian Ocean","Madagascar",2024,"Habitat_Carbon_Storage",0.388536980096251,"Climate"
"Southwest Indian Ocean","Madagascar",2024,"Carbon_Under_Effective_Protection",0.21507087321952,"Climate"
"Southwest Indian Ocean","Mozambique",2020,"Marine_Red_List",0.0913995449664071,"Nature"
"Southwest Indian Ocean","Mozambique",2020,"Marine_Living_Planet",0.019541979925707,"Nature"
"Southwest Indian Ocean","Mozambique",2020,"Fisheries_Stock_Condition",0.04791892580688,"Nature"
"Southwest Indian Ocean","Mozambique",2020,"Habitat_Condition",0.394421718921512,"Nature"
"Southwest Indian Ocean","Mozambique",2020,"Effective_Protection",0.0449802484130487,"Nature"
"Southwest Indian Ocean","Mozambique",2020,"Small_Scale_Fisheries_Rights",0.00633898496162146,"People"
"Southwest Indian Ocean","Mozambique",2020,"Wealth_Relative_Index",0.0768093274906278,"People"
"Southwest Indian Ocean","Mozambique",2020,"Human_Development_Index",0.21898378720507,"People"
"Southwest Indian Ocean","Mozambique",2020,"Climate_Adaptation_Plans",0.250502778962255,"Climate"
"Southwest Indian Ocean","Mozambique",2020,"Habitat_Carbon_Storage",0.381240485515445,"Climate"
"Southwest Indian Ocean","Mozambique",2020,"Carbon_Under_Effective_Protection",0.245068786107004,"Climate"
"Southwest Indian Ocean","Mozambique",2021,"Marine_Red_List",0.0370592883788049,"Nature"
"Southwest Indian Ocean","Mozambique",2021,"Marine_Living_Planet",0.0355562610458583,"Nature"
"Southwest Indian Ocean","Mozambique",2021,"Fisheries_Stock_Condition",0.0811634617159143,"Nature"
"Southwest Indian Ocean","Mozambique",2021,"Habitat_Condition",0.0822404828388244,"Nature"
"Southwest Indian Ocean","Mozambique",2021,"Effective_Protection",0.42390114068985,"Nature"
"Southwest Indian Ocean","Mozambique",2021,"Small_Scale_Fisheries_Rights",0.0997882317658514,"People"
"Southwest Indian Ocean","Mozambique",2021,"Wealth_Relative_Index",0.570372758433223,"People"
"Southwest Indian Ocean","Mozambique",2021,"Human_Development_Index",0.386544132325798,"People"
"Southwest Indian Ocean","Mozambique",2021,"Climate_Adaptation_Plans",0.181742949178442,"Climate"
"Southwest Indian Ocean","Mozambique",2021,"Habitat_Carbon_Storage",0.338186810072511,"Climate"
"Southwest Indian Ocean","Mozambique",2021,"Carbon_Under_Effective_Protection",0.0649071176536381,"Climate"
"Southwest Indian Ocean","Mozambique",2022,"Marine_Red_List",0.141109208692797,"Nature"
"Southwest Indian Ocean","Mozambique",2022,"Marine_Living_Planet",0.0725983026903123,"Nature"
"Southwest Indian Ocean","Mozambique",2022,"Fisheries_Stock_Condition",0.0252646235167049,"Nature"
"Southwest Indian Ocean","Mozambique",2022,"Habitat_Condition",0.45265479083173,"Nature"
"Southwest Indian Ocean","Mozambique",2022,"Effective_Protection",0.0825027457904071,"Nature"
"Southwest Indian Ocean","Mozambique",2022,"Small_Scale_Fisheries_Rights",0.0215172082651407,"People"
"Southwest Indian Ocean","Mozambique",2022,"Wealth_Relative_Index",0.160862768883817,"People"
"Southwest Indian Ocean","Mozambique",2022,"Human_Development_Index",0.298131772316992,"People"
"Southwest Indian Ocean","Mozambique",2022,"Climate_Adaptation_Plans",0.194102331879549,"Climate"
"Southwest Indian Ocean","Mozambique",2022,"Habitat_Carbon_Storage",0.164773706695996,"Climate"
"Southwest Indian Ocean","Mozambique",2022,"Carbon_Under_Effective_Protection",0.243516284972429,"Climate"
"Southwest Indian Ocean","Mozambique",2023,"Marine_Red_List",0.0759699305519462,"Nature"
"Southwest Indian Ocean","Mozambique",2023,"Marine_Living_Planet",0.125710053481162,"Nature"
"Southwest Indian Ocean","Mozambique",2023,"Fisheries_Stock_Condition",0.011791384126991,"Nature"
"Southwest Indian Ocean","Mozambique",2023,"Habitat_Condition",0.115260367514566,"Nature"
"Southwest Indian Ocean","Mozambique",2023,"Effective_Protection",0.339312580181286,"Nature"
"Southwest Indian Ocean","Mozambique",2023,"Small_Scale_Fisheries_Rights",0.079671829789877,"People"
"Southwest Indian Ocean","Mozambique",2023,"Wealth_Relative_Index",0.0956912767607719,"People"
"Southwest Indian Ocean","Mozambique",2023,"Human_Development_Index",0.0643874751403928,"People"
"Southwest Indian Ocean","Mozambique",2023,"Climate_Adaptation_Plans",0.0320950184948742,"Climate"
"Southwest Indian Ocean","Mozambique",2023,"Habitat_Carbon_Storage",0.199323443742469,"Climate"
"Southwest Indian Ocean","Mozambique",2023,"Carbon_Under_Effective_Protection",0.0198891646694392,"Climate"
"Southwest Indian Ocean","Mozambique",2024,"Marine_Red_List",0.0210487079108134,"Nature"
"Southwest Indian Ocean","Mozambique",2024,"Marine_Living_Planet",0.00210835492238402,"Nature"
"Southwest Indian Ocean","Mozambique",2024,"Fisheries_Stock_Condition",0.198247311171144,"Nature"
"Southwest Indian Ocean","Mozambique",2024,"Habitat_Condition",0.158179543633014,"Nature"
"Southwest Indian Ocean","Mozambique",2024,"Effective_Protection",0.0680787551216781,"Nature"
"Southwest Indian Ocean","Mozambique",2024,"Small_Scale_Fisheries_Rights",0.00552099345251918,"People"
"Southwest Indian Ocean","Mozambique",2024,"Wealth_Relative_Index",0.0111970287747681,"People"
"Southwest Indian Ocean","Mozambique",2024,"Human_Development_Index",0.356445724982768,"People"
"Southwest Indian Ocean","Mozambique",2024,"Climate_Adaptation_Plans",0.34502075901255,"Climate"
"Southwest Indian Ocean","Mozambique",2024,"Habitat_Carbon_Storage",0.0939278703182936,"Climate"
"Southwest Indian Ocean","Mozambique",2024,"Carbon_Under_Effective_Protection",0.064466305077076,"Climate"
"Southwest Indian Ocean","Tanzania",2020,"Marine_Red_List",0.0282992870779708,"Nature"
"Southwest Indian Ocean","Tanzania",2020,"Marine_Living_Planet",0.0141714827436954,"Nature"
"Southwest Indian Ocean","Tanzania",2020,"Fisheries_Stock_Condition",0.104764520330355,"Nature"
"Southwest Indian Ocean","Tanzania",2020,"Habitat_Condition",0.356031165271997,"Nature"
"Southwest Indian Ocean","Tanzania",2020,"Effective_Protection",0.0974725808482617,"Nature"
"Southwest Indian Ocean","Tanzania",2020,"Small_Scale_Fisheries_Rights",0.00541556038893759,"People"
"Southwest Indian Ocean","Tanzania",2020,"Wealth_Relative_Index",0.0375666428357363,"People"
"Southwest Indian Ocean","Tanzania",2020,"Human_Development_Index",0.177810958772898,"People"
"Southwest Indian Ocean","Tanzania",2020,"Climate_Adaptation_Plans",0.0860665952786803,"Climate"
"Southwest Indian Ocean","Tanzania",2020,"Habitat_Carbon_Storage",0.0463118659332395,"Climate"
"Southwest Indian Ocean","Tanzania",2020,"Carbon_Under_Effective_Protection",0.388575226720423,"Climate"
"Southwest Indian Ocean","Tanzania",2021,"Marine_Red_List",0.11677446719259,"Nature"
"Southwest Indian Ocean","Tanzania",2021,"Marine_Living_Planet",0.0912479443475604,"Nature"
"Southwest Indian Ocean","Tanzania",2021,"Fisheries_Stock_Condition",0.104940537828952,"Nature"
"Southwest Indian Ocean","Tanzania",2021,"Habitat_Condition",0.487096449639648,"Nature"
"Southwest Indian Ocean","Tanzania",2021,"Effective_Protection",0.261677997652441,"Nature"
"Southwest Indian Ocean","Tanzania",2021,"Small_Scale_Fisheries_Rights",0.0276116304472089,"People"
"Southwest Indian Ocean","Tanzania",2021,"Wealth_Relative_Index",0.493218042701483,"People"
"Southwest Indian Ocean","Tanzania",2021,"Human_Development_Index",0.376287710666657,"People"
"Southwest Indian Ocean","Tanzania",2021,"Climate_Adaptation_Plans",0.488360232766718,"Climate"
"Southwest Indian Ocean","Tanzania",2021,"Habitat_Carbon_Storage",0.0766234127338976,"Climate"
"Southwest Indian Ocean","Tanzania",2021,"Carbon_Under_Effective_Protection",0.0422933866269887,"Climate"
"Southwest Indian Ocean","Tanzania",2022,"Marine_Red_List",0.36585382942576,"Nature"
"Southwest Indian Ocean","Tanzania",2022,"Marine_Living_Planet",0.0147084108553827,"Nature"
"Southwest Indian Ocean","Tanzania",2022,"Fisheries_Stock_Condition",0.0601326753967442,"Nature"
"Southwest Indian Ocean","Tanzania",2022,"Habitat_Condition",0.373758161091246,"Nature"
"Southwest Indian Ocean","Tanzania",2022,"Effective_Protection",0.464016626821831,"Nature"
"Southwest Indian Ocean","Tanzania",2022,"Small_Scale_Fisheries_Rights",0.0691207831492648,"People"
"Southwest Indian Ocean","Tanzania",2022,"Wealth_Relative_Index",0.21371414035093,"People"
"Southwest Indian Ocean","Tanzania",2022,"Human_Development_Index",0.0002326745307073,"People"
"Southwest Indian Ocean","Tanzania",2022,"Climate_Adaptation_Plans",0.153881937148981,"Climate"
"Southwest Indian Ocean","Tanzania",2022,"Habitat_Carbon_Storage",0.339111928711645,"Climate"
"Southwest Indian Ocean","Tanzania",2022,"Carbon_Under_Effective_Protection",0.22989259660244,"Climate"
"Southwest Indian Ocean","Tanzania",2023,"Marine_Red_List",0.132416728883982,"Nature"
"Southwest Indian Ocean","Tanzania",2023,"Marine_Living_Planet",0.0572891141474247,"Nature"
"Southwest Indian Ocean","Tanzania",2023,"Fisheries_Stock_Condition",0.00581917962990701,"Nature"
"Southwest Indian Ocean","Tanzania",2023,"Habitat_Condition",0.0309823451563716,"Nature"
"Southwest Indian Ocean","Tanzania",2023,"Effective_Protection",0.16529808123596,"Nature"
"Southwest Indian Ocean","Tanzania",2023,"Small_Scale_Fisheries_Rights",0.0452563839405775,"People"
"Southwest Indian Ocean","Tanzania",2023,"Wealth_Relative_Index",0.151177451945841,"People"
"Southwest Indian Ocean","Tanzania",2023,"Human_Development_Index",0.0434487028047442,"People"
"Southwest Indian Ocean","Tanzania",2023,"Climate_Adaptation_Plans",0.137548537133262,"Climate"
"Southwest Indian Ocean","Tanzania",2023,"Habitat_Carbon_Storage",0.08578971917741,"Climate"
"Southwest Indian Ocean","Tanzania",2023,"Carbon_Under_Effective_Protection",0.140317023685202,"Climate"
"Southwest Indian Ocean","Tanzania",2024,"Marine_Red_List",0.0866467763204128,"Nature"
"Southwest Indian Ocean","Tanzania",2024,"Marine_Living_Planet",0.0134666496282443,"Nature"
"Southwest Indian Ocean","Tanzania",2024,"Fisheries_Stock_Condition",0.0473239484243095,"Nature"
"Southwest Indian Ocean","Tanzania",2024,"Habitat_Condition",0.0498968354426324,"Nature"
"Southwest Indian Ocean","Tanzania",2024,"Effective_Protection",0.0584936557337642,"Nature"
"Southwest Indian Ocean","Tanzania",2024,"Small_Scale_Fisheries_Rights",0.016207961323671,"People"
"Southwest Indian Ocean","Tanzania",2024,"Wealth_Relative_Index",0.264954202622175,"People"
"Southwest Indian Ocean","Tanzania",2024,"Human_Development_Index",0.281948898267001,"People"
"Southwest Indian Ocean","Tanzania",2024,"Climate_Adaptation_Plans",0.373072431609035,"Climate"
"Southwest Indian Ocean","Tanzania",2024,"Habitat_Carbon_Storage",0.333760391175747,"Climate"
"Southwest Indian Ocean","Tanzania",2024,"Carbon_Under_Effective_Protection",0.0347760671749711,"Climate"
"Western Pacific","Papua New Guinea",2020,"Marine_Red_List",0.0992944016121328,"Nature"
"Western Pacific","Papua New Guinea",2020,"Marine_Living_Planet",0.00707212151959539,"Nature"
"Western Pacific","Papua New Guinea",2020,"Fisheries_Stock_Condition",0.0356027629226446,"Nature"
"Western Pacific","Papua New Guinea",2020,"Habitat_Condition",0.18588550966233,"Nature"
"Western Pacific","Papua New Guinea",2020,"Effective_Protection",0.0171743405982852,"Nature"
"Western Pacific","Papua New Guinea",2020,"Small_Scale_Fisheries_Rights",0.00602285048924387,"People"
"Western Pacific","Papua New Guinea",2020,"Wealth_Relative_Index",0.271605366282165,"People"
"Western Pacific","Papua New Guinea",2020,"Human_Development_Index",0.375655360240489,"People"
"Western Pacific","Papua New Guinea",2020,"Climate_Adaptation_Plans",0.295612674206495,"Climate"
"Western Pacific","Papua New Guinea",2020,"Habitat_Carbon_Storage",0.320379284769297,"Climate"
"Western Pacific","Papua New Guinea",2020,"Carbon_Under_Effective_Protection",0.385661028046161,"Climate"
"Western Pacific","Papua New Guinea",2021,"Marine_Red_List",0.0506197988055646,"Nature"
"Western Pacific","Papua New Guinea",2021,"Marine_Living_Planet",0.043972973395139,"Nature"
"Western Pacific","Papua New Guinea",2021,"Fisheries_Stock_Condition",0.160816116188653,"Nature"
"Western Pacific","Papua New Guinea",2021,"Habitat_Condition",0.0495187089778483,"Nature"
"Western Pacific","Papua New Guinea",2021,"Effective_Protection",0.272856978792697,"Nature"
"Western Pacific","Papua New Guinea",2021,"Small_Scale_Fisheries_Rights",0.0437605233583599,"People"
"Western Pacific","Papua New Guinea",2021,"Wealth_Relative_Index",0.541940136160701,"People"
"Western Pacific","Papua New Guinea",2021,"Human_Development_Index",0.412564549036324,"People"
"Western Pacific","Papua New Guinea",2021,"Climate_Adaptation_Plans",0.209231696231291,"Climate"
"Western Pacific","Papua New Guinea",2021,"Habitat_Carbon_Storage",0.0549868168774992,"Climate"
"Western Pacific","Papua New Guinea",2021,"Carbon_Under_Effective_Protection",0.0488799360115081,"Climate"
"Western Pacific","Papua New Guinea",2022,"Marine_Red_List",0.0247692178236321,"Nature"
"Western Pacific","Papua New Guinea",2022,"Marine_Living_Planet",0.0287100130692124,"Nature"
"Western Pacific","Papua New Guinea",2022,"Fisheries_Stock_Condition",0.125987178005744,"Nature"
"Western Pacific","Papua New Guinea",2022,"Habitat_Condition",0.430053423042409,"Nature"
"Western Pacific","Papua New Guinea",2022,"Effective_Protection",0.770204759435728,"Nature"
"Western Pacific","Papua New Guinea",2022,"Small_Scale_Fisheries_Rights",0.0312112791929394,"People"
"Western Pacific","Papua New Guinea",2022,"Wealth_Relative_Index",0.0127633492229506,"People"
"Western Pacific","Papua New Guinea",2022,"Human_Development_Index",0.223518497426994,"People"
"Western Pacific","Papua New Guinea",2022,"Climate_Adaptation_Plans",0.414625411736779,"Climate"
"Western Pacific","Papua New Guinea",2022,"Habitat_Carbon_Storage",0.41605388710741,"Climate"
"Western Pacific","Papua New Guinea",2022,"Carbon_Under_Effective_Protection",0.427182373241521,"Climate"
"Western Pacific","Papua New Guinea",2023,"Marine_Red_List",0.549059957452118,"Nature"
"Western Pacific","Papua New Guinea",2023,"Marine_Living_Planet",0.0127956659719348,"Nature"
"Western Pacific","Papua New Guinea",2023,"Fisheries_Stock_Condition",0.0945035103475675,"Nature"
"Western Pacific","Papua New Guinea",2023,"Habitat_Condition",0.0791321279946715,"Nature"
"Western Pacific","Papua New Guinea",2023,"Effective_Protection",0.0626499983482063,"Nature"
"Western Pacific","Papua New Guinea",2023,"Small_Scale_Fisheries_Rights",0.00597919438034296,"People"
"Western Pacific","Papua New Guinea",2023,"Wealth_Relative_Index",0.197815654147416,"People"
"Western Pacific","Papua New Guinea",2023,"Human_Development_Index",0.163295627757907,"People"
"Western Pacific","Papua New Guinea",2023,"Climate_Adaptation_Plans",0.107108278339729,"Climate"
"Western Pacific","Papua New Guinea",2023,"Habitat_Carbon_Storage",0.0553710144944489,"Climate"
"Western Pacific","Papua New Guinea",2023,"Carbon_Under_Effective_Protection",0.160447643417865,"Climate"
"Western Pacific","Papua New Guinea",2024,"Marine_Red_List",0.0786927352659404,"Nature"
"Western Pacific","Papua New Guinea",2024,"Marine_Living_Planet",0.00730908539146185,"Nature"
"Western Pacific","Papua New Guinea",2024,"Fisheries_Stock_Condition",0.0682642567902804,"Nature"
"Western Pacific","Papua New Guinea",2024,"Habitat_Condition",0.29435974014923,"Nature"
"Western Pacific","Papua New Guinea",2024,"Effective_Protection",0.0815081495093182,"Nature"
"Western Pacific","Papua New Guinea",2024,"Small_Scale_Fisheries_Rights",0.0103760984679684,"People"
"Western Pacific","Papua New Guinea",2024,"Wealth_Relative_Index",0.121155049838126,"People"
"Western Pacific","Papua New Guinea",2024,"Human_Development_Index",0.0157996791414917,"People"
"Western Pacific","Papua New Guinea",2024,"Climate_Adaptation_Plans",0.109818145446479,"Climate"
"Western Pacific","Papua New Guinea",2024,"Habitat_Carbon_Storage",0.301244039833546,"Climate"
"Western Pacific","Papua New Guinea",2024,"Carbon_Under_Effective_Protection",0.154069441836327,"Climate"
"Western Pacific","Indonesia",2020,"Marine_Red_List",0.0327597399009392,"Nature"
"Western Pacific","Indonesia",2020,"Marine_Living_Planet",0.0117391731357202,"Nature"
"Western Pacific","Indonesia",2020,"Fisheries_Stock_Condition",0.00954199698753655,"Nature"
"Western Pacific","Indonesia",2020,"Habitat_Condition",0.261506672948599,"Nature"
"Western Pacific","Indonesia",2020,"Effective_Protection",0.0553313987562433,"Nature"
"Western Pacific","Indonesia",2020,"Small_Scale_Fisheries_Rights",0.0141807580692694,"People"
"Western Pacific","Indonesia",2020,"Wealth_Relative_Index",0.351469608489424,"People"
"Western Pacific","Indonesia",2020,"Human_Development_Index",0.0605352685786784,"People"
"Western Pacific","Indonesia",2020,"Climate_Adaptation_Plans",0.21063603181392,"Climate"
"Western Pacific","Indonesia",2020,"Habitat_Carbon_Storage",0.352305645961314,"Climate"
"Western Pacific","Indonesia",2020,"Carbon_Under_Effective_Protection",0.0948918789625168,"Climate"
"Western Pacific","Indonesia",2021,"Marine_Red_List",0.0409877405967563,"Nature"
"Western Pacific","Indonesia",2021,"Marine_Living_Planet",0.0798882171045989,"Nature"
"Western Pacific","Indonesia",2021,"Fisheries_Stock_Condition",0.278805204760283,"Nature"
"Western Pacific","Indonesia",2021,"Habitat_Condition",0.237152256863192,"Nature"
"Western Pacific","Indonesia",2021,"Effective_Protection",0.543628866970539,"Nature"
"Western Pacific","Indonesia",2021,"Small_Scale_Fisheries_Rights",0.0495966489706188,"People"
"Western Pacific","Indonesia",2021,"Wealth_Relative_Index",0.487711612740532,"People"
"Western Pacific","Indonesia",2021,"Human_Development_Index",0.169087001821026,"People"
"Western Pacific","Indonesia",2021,"Climate_Adaptation_Plans",0.0364693349227309,"Climate"
"Western Pacific","Indonesia",2021,"Habitat_Carbon_Storage",0.305022377846763,"Climate"
"Western Pacific","Indonesia",2021,"Carbon_Under_Effective_Protection",0.41189421066083,"Climate"
"Western Pacific","Indonesia",2022,"Marine_Red_List",0.28469133132603,"Nature"
"Western Pacific","Indonesia",2022,"Marine_Living_Planet",0.0529892458580434,"Nature"
"Western Pacific","Indonesia",2022,"Fisheries_Stock_Condition",0.192321384674869,"Nature"
"Western Pacific","Indonesia",2022,"Habitat_Condition",0.406152414274402,"Nature"
"Western Pacific","Indonesia",2022,"Effective_Protection",0.587461367016658,"Nature"
"Western Pacific","Indonesia",2022,"Small_Scale_Fisheries_Rights",0.00183640837203711,"People"
"Western Pacific","Indonesia",2022,"Wealth_Relative_Index",0.427049988764338,"People"
"Western Pacific","Indonesia",2022,"Human_Development_Index",0.333352578920312,"People"
"Western Pacific","Indonesia",2022,"Climate_Adaptation_Plans",0.484519431833178,"Climate"
"Western Pacific","Indonesia",2022,"Habitat_Carbon_Storage",0.168747498653829,"Climate"
"Western Pacific","Indonesia",2022,"Carbon_Under_Effective_Protection",0.112909211660735,"Climate"
"Western Pacific","Indonesia",2023,"Marine_Red_List",0.710444152355194,"Nature"
"Western Pacific","Indonesia",2023,"Marine_Living_Planet",0.0815748639032245,"Nature"
"Western Pacific","Indonesia",2023,"Fisheries_Stock_Condition",0.0201080616097897,"Nature"
"Western Pacific","Indonesia",2023,"Habitat_Condition",0.109404683532193,"Nature"
"Western Pacific","Indonesia",2023,"Effective_Protection",0.423463650979102,"Nature"
"Western Pacific","Indonesia",2023,"Small_Scale_Fisheries_Rights",0.0906774532422424,"People"
"Western Pacific","Indonesia",2023,"Wealth_Relative_Index",0.0735791895538569,"People"
"Western Pacific","Indonesia",2023,"Human_Development_Index",0.195476715359837,"People"
"Western Pacific","Indonesia",2023,"Climate_Adaptation_Plans",0.0240474257152528,"Climate"
"Western Pacific","Indonesia",2023,"Habitat_Carbon_Storage",0.178866925090551,"Climate"
"Western Pacific","Indonesia",2023,"Carbon_Under_Effective_Protection",0.0636989176273346,"Climate"
"Western Pacific","Indonesia",2024,"Marine_Red_List",0.0529714091448113,"Nature"
"Western Pacific","Indonesia",2024,"Marine_Living_Planet",0.000323209618218243,"Nature"
"Western Pacific","Indonesia",2024,"Fisheries_Stock_Condition",0.130052300076932,"Nature"
"Western Pacific","Indonesia",2024,"Habitat_Condition",0.354053060617298,"Nature"
"Western Pacific","Indonesia",2024,"Effective_Protection",0.0949585322989151,"Nature"
"Western Pacific","Indonesia",2024,"Small_Scale_Fisheries_Rights",0.00980126906186342,"People"
"Western Pacific","Indonesia",2024,"Wealth_Relative_Index",0.349579965136945,"People"
"Western Pacific","Indonesia",2024,"Human_Development_Index",0.233095894660801,"People"
"Western Pacific","Indonesia",2024,"Climate_Adaptation_Plans",0.0353453204035759,"Climate"
"Western Pacific","Indonesia",2024,"Habitat_Carbon_Storage",0.0127886512316763,"Climate"
"Western Pacific","Indonesia",2024,"Carbon_Under_Effective_Protection",0.0695935267023742,"Climate"
"Western Pacific","Fiji",2020,"Marine_Red_List",0.0801429583691061,"Nature"
"Western Pacific","Fiji",2020,"Marine_Living_Planet",0.0125949084758759,"Nature"
"Western Pacific","Fiji",2020,"Fisheries_Stock_Condition",0.156364613026381,"Nature"
"Western Pacific","Fiji",2020,"Habitat_Condition",0.361360353883356,"Nature"
"Western Pacific","Fiji",2020,"Effective_Protection",0.0364411081653088,"Nature"
"Western Pacific","Fiji",2020,"Small_Scale_Fisheries_Rights",0.0151827067881823,"People"
"Western Pacific","Fiji",2020,"Wealth_Relative_Index",0.0879932710900903,"People"
"Western Pacific","Fiji",2020,"Human_Development_Index",0.237535397242755,"People"
"Western Pacific","Fiji",2020,"Climate_Adaptation_Plans",0.25029745483771,"Climate"
"Western Pacific","Fiji",2020,"Habitat_Carbon_Storage",0.301172823179513,"Climate"
"Western Pacific","Fiji",2020,"Carbon_Under_Effective_Protection",0.34297896977514,"Climate"
"Western Pacific","Fiji",2021,"Marine_Red_List",0.02925641159527,"Nature"
"Western Pacific","Fiji",2021,"Marine_Living_Planet",0.0115960491634905,"Nature"
"Western Pacific","Fiji",2021,"Fisheries_Stock_Condition",0.267568836780265,"Nature"
"Western Pacific","Fiji",2021,"Habitat_Condition",0.519300488429144,"Nature"
"Western Pacific","Fiji",2021,"Effective_Protection",0.164250761875883,"Nature"
"Western Pacific","Fiji",2021,"Small_Scale_Fisheries_Rights",0.101380154918879,"People"
"Western Pacific","Fiji",2021,"Wealth_Relative_Index",0.572370748640969,"People"
"Western Pacific","Fiji",2021,"Human_Development_Index",0.479294134676456,"People"
"Western Pacific","Fiji",2021,"Climate_Adaptation_Plans",0.447381730377674,"Climate"
"Western Pacific","Fiji",2021,"Habitat_Carbon_Storage",0.550234279828146,"Climate"
"Western Pacific","Fiji",2021,"Carbon_Under_Effective_Protection",0.545487902686,"Climate"
"Western Pacific","Fiji",2022,"Marine_Red_List",0.411358695826493,"Nature"
"Western Pacific","Fiji",2022,"Marine_Living_Planet",0.00219937153160572,"Nature"
"Western Pacific","Fiji",2022,"Fisheries_Stock_Condition",0.188716363394633,"Nature"
"Western Pacific","Fiji",2022,"Habitat_Condition",0.387703795684502,"Nature"
"Western Pacific","Fiji",2022,"Effective_Protection",0.85046748071909,"Nature"
"Western Pacific","Fiji",2022,"Small_Scale_Fisheries_Rights",0.045792156108655,"People"
"Western Pacific","Fiji",2022,"Wealth_Relative_Index",0.376018770621158,"People"
"Western Pacific","Fiji",2022,"Human_Development_Index",0.444204325205646,"People"
"Western Pacific","Fiji",2022,"Climate_Adaptation_Plans",0.042689228663221,"Climate"
"Western Pacific","Fiji",2022,"Habitat_Carbon_Storage",0.237875252845697,"Climate"
"Western Pacific","Fiji",2022,"Carbon_Under_Effective_Protection",0.0281911126803607,"Climate"
"Western Pacific","Fiji",2023,"Marine_Red_List",0.264798262901604,"Nature"
"Western Pacific","Fiji",2023,"Marine_Living_Planet",0.158887164853513,"Nature"
"Western Pacific","Fiji",2023,"Fisheries_Stock_Condition",0.0979203730123118,"Nature"
"Western Pacific","Fiji",2023,"Habitat_Condition",0.0753632833715528,"Nature"
"Western Pacific","Fiji",2023,"Effective_Protection",0.362401712452993,"Nature"
"Western Pacific","Fiji",2023,"Small_Scale_Fisheries_Rights",0.11674106631428,"People"
"Western Pacific","Fiji",2023,"Wealth_Relative_Index",0.163791076652706,"People"
"Western Pacific","Fiji",2023,"Human_Development_Index",0.0770383186638355,"People"
"Western Pacific","Fiji",2023,"Climate_Adaptation_Plans",0.0601035222411156,"Climate"
"Western Pacific","Fiji",2023,"Habitat_Carbon_Storage",0.113423893228173,"Climate"
"Western Pacific","Fiji",2023,"Carbon_Under_Effective_Protection",0.100581660820171,"Climate"
"Western Pacific","Fiji",2024,"Marine_Red_List",0.0374169387854636,"Nature"
"Western Pacific","Fiji",2024,"Marine_Living_Planet",0.0116787769133225,"Nature"
"Western Pacific","Fiji",2024,"Fisheries_Stock_Condition",0.00882941358722746,"Nature"
"Western Pacific","Fiji",2024,"Habitat_Condition",0.016843219473958,"Nature"
"Western Pacific","Fiji",2024,"Effective_Protection",0.0304477790603414,"Nature"
"Western Pacific","Fiji",2024,"Small_Scale_Fisheries_Rights",0.00208157272078097,"People"
"Western Pacific","Fiji",2024,"Wealth_Relative_Index",0.167110840696841,"People"
"Western Pacific","Fiji",2024,"Human_Development_Index",0.0361288337036967,"People"
"Western Pacific","Fiji",2024,"Climate_Adaptation_Plans",0.245824862923473,"Climate"
"Western Pacific","Fiji",2024,"Habitat_Carbon_Storage",0.294648138433695,"Climate"
"Western Pacific","Fiji",2024,"Carbon_Under_Effective_Protection",0.140217909216881,"Climate"
"Western Pacific","Solomon Islands",2020,"Marine_Red_List",0.0845556122949347,"Nature"
"Western Pacific","Solomon Islands",2020,"Marine_Living_Planet",0.00149913502391428,"Nature"
"Western Pacific","Solomon Islands",2020,"Fisheries_Stock_Condition",0.00401480183936656,"Nature"
"Western Pacific","Solomon Islands",2020,"Habitat_Condition",0.234911249671131,"Nature"
"Western Pacific","Solomon Islands",2020,"Effective_Protection",0.0733747758204117,"Nature"
"Western Pacific","Solomon Islands",2020,"Small_Scale_Fisheries_Rights",0.0110123344371095,"People"
"Western Pacific","Solomon Islands",2020,"Wealth_Relative_Index",0.015912254806608,"People"
"Western Pacific","Solomon Islands",2020,"Human_Development_Index",0.233212238084525,"People"
"Western Pacific","Solomon Islands",2020,"Climate_Adaptation_Plans",0.337973415944725,"Climate"
"Western Pacific","Solomon Islands",2020,"Habitat_Carbon_Storage",0.252715548686683,"Climate"
"Western Pacific","Solomon Islands",2020,"Carbon_Under_Effective_Protection",0.252309439424425,"Climate"
"Western Pacific","Solomon Islands",2021,"Marine_Red_List",0.161287032766268,"Nature"
"Western Pacific","Solomon Islands",2021,"Marine_Living_Planet",0.112277537668124,"Nature"
"Western Pacific","Solomon Islands",2021,"Fisheries_Stock_Condition",0.156394153903238,"Nature"
"Western Pacific","Solomon Islands",2021,"Habitat_Condition",0.484016657760367,"Nature"
"Western Pacific","Solomon Islands",2021,"Effective_Protection",0.428852886334062,"Nature"
"Western Pacific","Solomon Islands",2021,"Small_Scale_Fisheries_Rights",0.0626802919339389,"People"
"Western Pacific","Solomon Islands",2021,"Wealth_Relative_Index",0.380880305869505,"People"
"Western Pacific","Solomon Islands",2021,"Human_Development_Index",0.0990155353210866,"People"
"Western Pacific","Solomon Islands",2021,"Climate_Adaptation_Plans",0.15607948419638,"Climate"
"Western Pacific","Solomon Islands",2021,"Habitat_Carbon_Storage",0.327855755249038,"Climate"
"Western Pacific","Solomon Islands",2021,"Carbon_Under_Effective_Protection",0.312505410751328,"Climate"
"Western Pacific","Solomon Islands",2022,"Marine_Red_List",0.058665613643825,"Nature"
"Western Pacific","Solomon Islands",2022,"Marine_Living_Planet",0.0157167825149372,"Nature"
"Western Pacific","Solomon Islands",2022,"Fisheries_Stock_Condition",0.021569473319687,"Nature"
"Western Pacific","Solomon Islands",2022,"Habitat_Condition",0.100997604429722,"Nature"
"Western Pacific","Solomon Islands",2022,"Effective_Protection",0.831221978878602,"Nature"
"Western Pacific","Solomon Islands",2022,"Small_Scale_Fisheries_Rights",0.0170698255300522,"People"
"Western Pacific","Solomon Islands",2022,"Wealth_Relative_Index",0.269780457019806,"People"
"Western Pacific","Solomon Islands",2022,"Human_Development_Index",0.0481505553470924,"People"
"Western Pacific","Solomon Islands",2022,"Climate_Adaptation_Plans",0.011572246090509,"Climate"
"Western Pacific","Solomon Islands",2022,"Habitat_Carbon_Storage",0.188222246593796,"Climate"
"Western Pacific","Solomon Islands",2022,"Carbon_Under_Effective_Protection",0.329810668597929,"Climate"
"Western Pacific","Solomon Islands",2023,"Marine_Red_List",0.570149243995547,"Nature"
"Western Pacific","Solomon Islands",2023,"Marine_Living_Planet",0.103529176004231,"Nature"
"Western Pacific","Solomon Islands",2023,"Fisheries_Stock_Condition",0.0283002346055582,"Nature"
"Western Pacific","Solomon Islands",2023,"Habitat_Condition",0.0918849343433976,"Nature"
"Western Pacific","Solomon Islands",2023,"Effective_Protection",0.886566120898351,"Nature"
"Western Pacific","Solomon Islands",2023,"Small_Scale_Fisheries_Rights",0.0766834495961666,"People"
"Western Pacific","Solomon Islands",2023,"Wealth_Relative_Index",0.0280207099858671,"People"
"Western Pacific","Solomon Islands",2023,"Human_Development_Index",0.0857226182706654,"People"
"Western Pacific","Solomon Islands",2023,"Climate_Adaptation_Plans",0.172479907935485,"Climate"
"Western Pacific","Solomon Islands",2023,"Habitat_Carbon_Storage",0.037174603017047,"Climate"
"Western Pacific","Solomon Islands",2023,"Carbon_Under_Effective_Protection",0.145872186264023,"Climate"
"Western Pacific","Solomon Islands",2024,"Marine_Red_List",0.0235268858028576,"Nature"
"Western Pacific","Solomon Islands",2024,"Marine_Living_Planet",0.00347035492304713,"Nature"
"Western Pacific","Solomon Islands",2024,"Fisheries_Stock_Condition",0.0840869802050292,"Nature"
"Western Pacific","Solomon Islands",2024,"Habitat_Condition",0.17925724554807,"Nature"
"Western Pacific","Solomon Islands",2024,"Effective_Protection",0.0952644573990256,"Nature"
"Western Pacific","Solomon Islands",2024,"Small_Scale_Fisheries_Rights",0.00507641592994332,"People"
"Western Pacific","Solomon Islands",2024,"Wealth_Relative_Index",0.113484710734338,"People"
"Western Pacific","Solomon Islands",2024,"Human_Development_Index",0.14230462629348,"People"
"Western Pacific","Solomon Islands",2024,"Climate_Adaptation_Plans",0.133835184480995,"Climate"
"Western Pacific","Solomon Islands",2024,"Habitat_Carbon_Storage",0.171576236467809,"Climate"
"Western Pacific","Solomon Islands",2024,"Carbon_Under_Effective_Protection",0.194729149341583,"Climate"
